time-stamp,epsilon,minPts,clusters,type,FM
07/04/2019 Sun 12:33:02,0.0200,003,4,p,0.99605,0.99212,0.99212
